{
  "mean": [
    0.0,
    0.0,
    0.0,
    0.14988149620925903,
    -0.09670794561163738,
    -0.100788702511406,
    0.22617195918171978,
    -0.25165384280489006,
    -0.1441425831863619,
    0.17266099545475194,
    -0.3725697517790239,
    -0.18079434292481478,
    0.09050094351509269,
    -0.43408477864672473,
    -0.21070411760068053,
    0.07957133575385136,
    -0.4713580275097352,
    -0.06074448535008095,
    0.06406402455402604,
    -0.6102811223097394,
    -0.14378358723417853,
    0.05902758074404617,
    -0.6197757823633432,
    -0.20053672912010245,
    0.057074344470936914,
    -0.6203591930115323,
    -0.22978949882805327,
    -0.03547462617736464,
    -0.4668320330590737,
    -0.05316239369394033,
    -0.05477899984498682,
    -0.5980488970148564,
    -0.1510015802839102,
    -0.03356297774737528,
    -0.5406981965670751,
    -0.19763069137194245,
    -0.01204016981797088,
    -0.49791851526615827,
    -0.20807002674368194,
    -0.1333613726211093,
    -0.42889518487599004,
    -0.0596017340652963,
    -0.15411999057708592,
    -0.5314258812408404,
    -0.17102223963861474,
    -0.10265485024189823,
    -0.4294603992973959,
    -0.1839434149641997,
    -0.06286626861617149,
    -0.3534706580992927,
    -0.1614758379060964,
    -0.22157970395152535,
    -0.3669470800691259,
    -0.07314116005005937,
    -0.23698144528314105,
    -0.4586427199595452,
    -0.15292704996699752,
    -0.20270823703849677,
    -0.4087453989572805,
    -0.15014226676276768,
    -0.17831150978415622,
    -0.36682355882625267,
    -0.12712317943673068
  ],
  "scale": [
    1.0,
    1.0,
    1.0,
    0.11045640726908267,
    0.0857023025999884,
    0.06894016242937188,
    0.23226993115906086,
    0.1716409966204315,
    0.10089457081014316,
    0.3167419874356879,
    0.24564905184174587,
    0.11847660456454585,
    0.3857886426412101,
    0.3004897279183211,
    0.13762351340557682,
    0.2599848647161943,
    0.15742045215639014,
    0.12652160351897151,
    0.3501699959513991,
    0.2471416431449306,
    0.1550886493768961,
    0.399802021392633,
    0.2978642148528928,
    0.17051918527146948,
    0.44262479081549405,
    0.3640759955364063,
    0.17860552130508586,
    0.22253610351950318,
    0.1598615335675785,
    0.10090347986072135,
    0.3110679064999669,
    0.2694346416380522,
    0.12856464865526304,
    0.33495125727294994,
    0.32969233994924685,
    0.12940853203697722,
    0.35521192546242214,
    0.40317686404389935,
    0.129913799273083,
    0.19156521032486254,
    0.1685703546990707,
    0.08467930973329972,
    0.27125427547464986,
    0.27121539452237364,
    0.10943081169184836,
    0.2877632385845378,
    0.3014797897157068,
    0.1040353071136278,
    0.29878160821772437,
    0.33835405547834235,
    0.10500609587967301,
    0.17518508712344322,
    0.18002300849167685,
    0.0865892847177442,
    0.24961054902126417,
    0.25845204301895464,
    0.101525174591966,
    0.28808135516997474,
    0.29015219980965073,
    0.09740893266857428,
    0.3172652063012857,
    0.32666719183550985,
    0.0977706534338856
  ],
  "var": [
    0.0,
    0.0,
    0.0,
    0.012200617906793457,
    0.007344884670939979,
    0.0047527459957881785,
    0.053949320920634876,
    0.02946063172085498,
    0.010179714418962992,
    0.10032548660470947,
    0.06034345667074876,
    0.014036705829143766,
    0.1488328767909473,
    0.09029407658442666,
    0.018940231442094987,
    0.06759212988149785,
    0.024781198757122314,
    0.016007716157011822,
    0.12261902606460284,
    0.06107899177637621,
    0.024052489165549817,
    0.15984165630963537,
    0.08872309048993028,
    0.029076792545645734,
    0.19591670544445988,
    0.13255133052582532,
    0.03189993224066148,
    0.049522317369643035,
    0.025555709914578034,
    0.010181512248002997,
    0.09676324245427215,
    0.07259502611462562,
    0.01652886888385123,
    0.11219234474872991,
    0.10869703902120975,
    0.016746568163965362,
    0.12617551199072136,
    0.16255158370027292,
    0.0168775952415669,
    0.036697229806808826,
    0.02841596448337051,
    0.0071705854969081086,
    0.07357888196327722,
    0.07355779022592679,
    0.011975102547536774,
    0.08280768148066162,
    0.09089006360702681,
    0.010823345126226853,
    0.08927044940916974,
    0.11448346685864116,
    0.01102628017189108,
    0.030689814750448387,
    0.03240828358639436,
    0.0074977042279305685,
    0.062305426182696924,
    0.06679745854067158,
    0.010307361075929179,
    0.08299086719656912,
    0.08418829905437948,
    0.009488500163630838,
    0.10065721112939735,
    0.10671145422169778,
    0.009559100672888964
  ]
}